id;street_address;postal_code;city;state_province;country
1;Secured Program;the program Ghana;West Hopefort;Soft Colombia;Sao Tome and Principe
2;Berkshire;Uruguayo Liaison Forward;Lubbock;cross-platform;Saint Pierre and Miquelon
3;bricks-and-clicks neural;e-commerce Reverse-engineered Directives;South Douglasfort;Outdoors;Bulgaria
4;leading-edge;COM Diverse payment;Apple Valley;Licensed Forward parsing;Malawi
5;Orchestrator analyzer;JSON open-source e-services;Madison;Exclusive cutting-edge;Namibia
6;Designer Austria;Generic;Carson;Tactics infomediaries Guadeloupe;Belize
7;alarm Bedfordshire Technician;pixel auxiliary Korea;Gardena;online;Brunei Darussalam
8;auxiliary connect Toys;interface teal full-range;Reichelton;blue drive copying;Chad
9;withdrawal payment;IB;South Kenton;Highway;Madagascar
10;generation Division;viral Haven;Zechariahshire;turn-key Plastic;Spain
