id;name;age;email;phone
1;Alaska;13170;Alessandro_Herman@yahoo.com;(445) 490-4146 x20313
2;empower Intelligent Forint;68732;Octavia.Beier31@hotmail.com;268.969.5907 x46171
3;Sausages Kyrgyz New;94672;Jena37@yahoo.com;1-597-628-8693
4;Security Avon;52866;Kattie.Conroy@gmail.com;(306) 812-9655 x22773
5;Applications Strategist;3289;Ethel.Okuneva@yahoo.com;794.801.9190
6;Credit;9248;Leta9@hotmail.com;(940) 517-8721
7;Granite Switchable Tasty;73182;Keegan.Skiles14@gmail.com;824-620-0192
8;Tactics Bahamas;93603;Eldridge_Hauck28@gmail.com;320-295-7528 x40483
9;Loan feed;48103;Dereck89@hotmail.com;(685) 311-2354 x859
10;Lakes disintermediate navigating;49317;Cierra_Haley72@hotmail.com;(500) 317-7642 x4730
