id;result;time;initiated_by
1;Berkshire;2021-12-06T12:43:11;invoice
2;implement;2021-12-06T00:24:31;Route Forint
3;Optimization THX approach;2021-12-05T19:46:02;infrastructures Tools
4;Tasty;2021-12-05T18:55:55;payment
5;morph Frozen;2021-12-05T15:49:27;Licensed next-generation Architect
6;markets Wyoming Mouse;2021-12-06T07:40:47;azure
7;white application;2021-12-06T00:24:02;transmit
8;back-end;2021-12-06T06:21:23;Senegal Oklahoma Refined
9;global world-class;2021-12-05T20:44:46;Games compressing Arkansas
10;composite Idaho back-end;2021-12-05T16:44:52;innovate bypass
